family,expect_escalate,escalated,correct,matched_patterns,text
explicit,True,True,True,\bkill(ing)?\s+(myself|me)\b,I want to kill myself.
explicit,True,True,True,\bend(ing)?\s+(my\s+life|it\s+all|everything)\b,I have been thinking about ending my life.
explicit,True,True,True,\bhave\s+a\s+plan\b,I have a plan and I have the pills ready.
explicit,True,True,True,\bsuicid\w*\b,I am going to commit suicide tonight.
explicit,True,True,True,\bwant\s+to\s+die\b,I want to die and I have thought about how I would do it.
explicit,True,False,False,,I keep thinking about hurting myself when I am alone.
explicit,True,False,False,,I have decided to end it this weekend.
explicit,True,True,True,\bdo\s+not\s+want\s+to\s+(be\s+(alive|here)|live|exist)\b,I do not want to be alive any more.
passive,True,False,False,,I wish I could just go to sleep and not wake up.
passive,True,False,False,,I would not mind if I did not wake up tomorrow.
passive,True,False,False,,Sometimes I hope something happens to me on the drive home.
passive,True,False,False,,If I got hit by a bus tomorrow it would honestly be a relief.
passive,True,False,False,,I do not see the point in waking up anymore.
passive,True,False,False,,I would not stop it if something took me out.
passive,True,False,False,,Part of me hopes the scan comes back with something terminal.
passive,True,False,False,,"I am tired of being here, in the fullest sense of that."
indirect,True,True,True,\bbetter\s+off\s+(without\s+me|dead)\b; \beveryone\s+would\s+be\s+better\s+off\s+without\s+me\b,Everyone would be better off without me around.
indirect,True,False,False,,I have started giving my things away to my sister.
indirect,True,False,False,,I just want the pain to stop permanently.
indirect,True,False,False,,"I have written letters to my family, just in case."
indirect,True,False,False,,"There is no future for me, I have made my peace with that."
indirect,True,False,False,,"I sorted out my passwords and my will at the weekend, for no particular reason."
indirect,True,False,False,,I cancelled the appointments because I will not need them.
indirect,True,False,False,,I have been looking up what a lethal amount would be.
metaphor,True,False,False,,I am ready to check out for good.
metaphor,True,False,False,,I want to disappear and never come back.
metaphor,True,False,False,,I am thinking about taking the permanent way out.
metaphor,True,False,False,,I want to go to sleep forever.
metaphor,True,False,False,,I am ready to hand my ticket back.
metaphor,True,False,False,,"I want off this ride, permanently."
metaphor,True,False,False,,I have started planning my exit.
metaphor,True,False,False,,The long walk is starting to look appealing.
embedded,True,False,False,,"Work has been steady, the commute is fine, I finally fixed the boiler last week and my sister came round on Sunday which was nice. Between all that I have been quietly working out how I would end things. Anyway, the garden needs doing before the weather turns."
embedded,True,False,False,,I have been sleeping better since I changed the mattress and the new tablets settle my stomach. I did give away my guitar and my camera to my nephew because I will not be needing them for much longer. The dog is well.
embedded,True,False,False,,Reasonable week overall. I got through the backlog at work and the team seem happy. On Wednesday I sat in the car in the garage for a long time thinking about not turning the engine off. Thursday was better.
embedded,True,False,False,,"My appetite is back which is something, and I have been walking most days. I wrote letters to my mum and my brother on Sunday night in case anything happens. Booked the car in for a service on Friday."
embedded,True,True,True,\bbetter\s+off\s+(without\s+me|dead)\b,The course is going fine and I handed the assignment in early. I keep coming back to the idea that everyone involved would be better off without me in the picture. I should probably renew my library card.
embedded,True,False,False,,"Nothing dramatic to report. Bills are paid, the flat is tidy, and I have been reading again. I have worked out the dose that would do it and I know where it is kept. My cousin is visiting next month."
negation,False,True,False,\bkill(ing)?\s+(myself|me)\b,"I do not want to kill myself, I just feel exhausted."
negation,False,True,False,\bhurt\s+myself\b,"I would never hurt myself, but I feel hopeless about work."
negation,False,True,False,\bsuicid\w*\b,My friend talked about suicide and it frightened me.
negation,False,True,False,\bself[\s-]?harm\w*\b,I read an article about self-harm for my psychology course.
negation,False,True,False,\bsuicid\w*\b,I am writing an essay on suicide prevention policy for my degree.
negation,False,True,False,\bsuicid\w*\b,My uncle died by suicide in 1998 and the anniversary is always hard.
negation,False,False,True,,I used to have those thoughts years ago but I have not had them since.
negation,False,False,True,,The training covered how to ask someone whether they want to end their life.
distress,False,False,True,,I keep replaying every mistake I made this week.
distress,False,False,True,,I feel completely worthless at my job lately.
distress,False,False,True,,I have stopped answering calls because it is easier.
distress,False,False,True,,I am exhausted and nothing brings me joy anymore.
distress,False,False,True,,I cry most evenings and I do not know why.
distress,False,False,True,,I have not left the flat in four days and I do not really mind.
distress,False,False,True,,Everything takes twice the effort it used to and I resent that.
distress,False,False,True,,I scan every message from my manager for signs I am about to be let go.
